Workbook

Sheet All_Results
A1: T_value | B1: Theo_shape | C1: Theo_scale | D1: Emp_shape | E1: Emp_scale | F1: Param_shape | G1: Param_scale | H1: Param_N_T | I1: LogL
A2: 50 | B2: 0.054808395 | C2: 0.0058858607 | D2: 0.065253725 | E2: 0.0041298719 | F2: 2.2390475 | G2: 0.97041029 | H2: 3 | I2: -55.274349
A3: 50 | B3: 0.044569481 | C3: 0.0058723067 | D3: 0.041866307 | E3: 0.0056384498 | F3: 1.9155966 | G3: 0.96142231 | H3: 3 | I3: -60.779393
A4: 50 | B4: 0.051352128 | C4: 0.0059710394 | D4: 0.059525174 | E4: 0.0042572917 | F4: 2.2146749 | G4: 0.96747124 | H4: 5 | I4: -52.818949
A5: 50 | B5: 0.048032254 | C5: 0.0055459718 | D5: 0.045897437 | E5: 0.0059157728 | F5: 1.9416745 | G5: 1.0024766 | H5: 3 | I5: -60.299145
A6: 50 | B6: 0.066254001 | C6: 0.0065298597 | D6: 0.050876537 | E6: 0.0079974263 | F6: 1.970831 | G6: 1.1863263 | H6: 5 | I6: -52.927826
A7: 50 | B7: 0.049947718 | C7: 0.0055349804 | D7: 0.058395761 | E7: 0.0046166814 | F7: 2.2177671 | G7: 1.0079595 | H7: 3 | I7: -50.049306
A8: 50 | B8: 0.043440333 | C8: 0.0053911668 | D8: 0.043845373 | E8: 0.0061262549 | F8: 2.0358918 | G8: 1.0632948 | H8: 5 | I8: -49.993529
A9: 50 | B9: 0.049924035 | C9: 0.0069167274 | D9: 0.05182533 | E9: 0.0041489219 | F9: 2.1294353 | G9: 0.91512633 | H9: 4 | I9: -55.998721
A10: 50 | B10: 0.049171752 | C10: 0.005244833 | D10: 0.057136148 | E10: 0.0048555019 | F10: 2.2582186 | G10: 1.0548329 | H10: 6 | I10: -46.389591
A11: 50 | B11: 0.062408452 | C11: 0.0062618431 | D11: 0.054716391 | E11: 0.0072473982 | F11: 2.103288 | G11: 1.2003607 | H11: 6 | I11: -45.991946
A12: 50 | B12: 0.048097549 | C12: 0.0054391859 | D12: 0.054031779 | E12: 0.0050290802 | F12: 2.1662614 | G12: 1.0256633 | H12: 3 | I12: -49.565254
A13: 50 | B13: 0.052453497 | C13: 0.0054548964 | D13: 0.058707807 | E13: 0.0047396497 | F13: 2.1604654 | G13: 1.0050194 | H13: 4 | I13: -55.930341
... A16001: 200 | B16001: 0.012890563 | C16001: 0.0013358228 | D16001: 0.013736366 | E16001: 0.0013778499 | F16001: 2.1034642 | G16001: 1.0483693 | H16001: 5 | I16001: -213.07726

Sheet All_Results_record
A1: T_value | B1: Theo_shape | C1: Theo_scale | D1: Emp_shape | E1: Emp_scale | F1: Param_shape | G1: Param_scale | H1: Param_N_T | I1: LogL
A2: 50 | B2: 0.41610692 | C2: 0.11232181 | D2: 0.69783048 | E2: 0.13717437 | F2: 1.1617696 | G2: 3.4438748 | H2: 3 | I2: -13.382797
A3: 50 | B3: 0.28034483 | C3: 0.086439609 | D3: 0.22183953 | E3: 0.062925295 | F3: 1.9269599 | G3: 1.4867666 | H3: 3 | I3: -11.960472
A4: 50 | B4: 0.21960044 | C4: 0.056385083 | D4: 0.2820497 | E4: 0.049700803 | F4: 2.7424191 | G4: 0.94499442 | H4: 5 | I4: -13.397552
A5: 50 | B5: 1.962116 | C5: 1.1928084 | D5: 1.1603799 | E5: 0.74653817 | F5: 1.8229277 | G5: 1.0306882 | H5: 3 | I5: -11.34617
A6: 50 | B6: 0.28355368 | C6: 0.075823801 | D6: 0.63551195 | E6: 0.39403658 | F6: 1.5785961 | G6: 1.2455874 | H6: 5 | I6: -18.536541
A7: 50 | B7: 0.2861154 | C7: 0.092852141 | D7: 0.50236301 | E7: 0.14482971 | F7: 3.5100183 | G7: 0.74386511 | H7: 3 | I7: -9.6669705
A8: 50 | B8: 0.3236793 | C8: 0.099055267 | D8: 0.4967125 | E8: 0.19607221 | F8: 5.8890829 | G8: 0.6062812 | H8: 5 | I8: -7.6834029
A9: 50 | B9: 0.64536628 | C9: 0.3059794 | D9: 0.69026476 | E9: 0.20943805 | F9: 7.8564942 | G9: 0.39334181 | H9: 4 | I9: -9.9692663
A10: 50 | B10: 0.23818003 | C10: 0.049750781 | D10: 0.36811131 | E10: 0.057614065 | F10: 2.0461071 | G10: 1.0170963 | H10: 6 | I10: -12.514557
A11: 50 | B11: 0.208798 | C11: 0.046403395 | D11: 0.67077479 | E11: 0.31709237 | F11: 2.2769965 | G11: 1.0628569 | H11: 6 | I11: -20.107696
A12: 50 | B12: 0.24652371 | C12: 0.073368491 | D12: 0.36267445 | E12: 0.10435883 | F12: 4.3693582 | G12: 0.74398572 | H12: 3 | I12: -5.5422743
A13: 50 | B13: 0.59821611 | C13: 0.26458513 | D13: 1.5210489 | E13: 0.59643509 | F13: 1.1574707 | G13: 2.3064245 | H13: 4 | I13: -19.862309
... A16001: 200 | B16001: 0.171589 | C16001: 0.12075182 | D16001: 0.45474741 | E16001: 0.36876998 | F16001: 2.4322329 | G16001: 0.84816395 | H16001: 5 | I16001: -25.639247

Sheet summary_NT
A1: Param_N_T | B1: T_value | C1: Theo_shape | D1: Theo_scale | E1: Emp_shape | F1: Emp_scale | G1: Param_shape | H1: Param_scale | I1: LogL | J1: # cases | K1: Pr(NT)
A2: 3 | B2: 112.68959 | C2: 0.026486599 | D2: 0.0030477507 | E2: 0.027353545 | F2: 0.0028488678 | G2: 2.048539 | H2: 1.0030138 | I2: -128.77037 | J2: =COUNTIF(All_Results!H:H,A2) -> 1978 | K2: =J2/SUM($J$2:$J$15) -> 0.123625
A3: 4 | B3: 117.54859 | C3: 0.025347827 | D3: 0.0028998171 | E3: 0.026310261 | F3: 0.0027290767 | G3: 2.0515137 | H3: 1.0048816 | I3: -133.96591 | J3: =COUNTIF(All_Results!H:H,A3) -> 2933 | K3: =J3/SUM($J$2:$J$15) -> 0.1833125
A4: 5 | B4: 121.54044 | C4: 0.024556403 | D4: 0.002806938 | E4: 0.02534211 | F4: 0.0026586652 | G4: 2.046233 | H4: 1.0046372 | I4: -139.01997 | J4: =COUNTIF(All_Results!H:H,A4) -> 3499 | K4: =J4/SUM($J$2:$J$15) -> 0.2186875
A5: 6 | B5: 127.25669 | C5: 0.023070263 | D5: 0.0026322807 | E5: 0.023762938 | F5: 0.0024924988 | G5: 2.045174 | H5: 1.0052726 | I5: -145.6102 | J5: =COUNTIF(All_Results!H:H,A5) -> 3062 | K5: =J5/SUM($J$2:$J$15) -> 0.191375
A6: 7 | B6: 131.85533 | C6: 0.022106079 | D6: 0.0025101033 | E6: 0.02285183 | F6: 0.0023911695 | G6: 2.0434542 | H6: 1.0050288 | I6: -151.35383 | J6: =COUNTIF(All_Results!H:H,A6) -> 2129 | K6: =J6/SUM($J$2:$J$15) -> 0.1330625
A7: 8 | B7: 137.13844 | C7: 0.020983864 | D7: 0.0023697903 | E7: 0.021700717 | F7: 0.0022865856 | G7: 2.0452832 | H7: 1.0072166 | I7: -156.85701 | J7: =COUNTIF(All_Results!H:H,A7) -> 1293 | K7: =J7/SUM($J$2:$J$15) -> 0.0808125
A8: 9 | B8: 139.8495 | C8: 0.020202546 | D8: 0.0022904256 | E8: 0.020710383 | F8: 0.0022327532 | G8: 2.0378603 | H8: 1.007669 | I8: -160.20307 | J8: =COUNTIF(All_Results!H:H,A8) -> 598 | K8: =J8/SUM($J$2:$J$15) -> 0.037375
A9: 10 | B9: 148.18482 | C9: 0.018868536 | D9: 0.0021388645 | E9: 0.01951616 | F9: 0.0020316692 | G9: 2.0440797 | H9: 1.00487 | I9: -169.8878 | J9: =COUNTIF(All_Results!H:H,A9) -> 303 | K9: =J9/SUM($J$2:$J$15) -> 0.0189375
A10: 11 | B10: 147.94118 | C10: 0.018393812 | D10: 0.0021038509 | E10: 0.01876872 | F10: 0.0020295046 | G10: 2.0366415 | H10: 1.0056215 | I10: -168.92301 | J10: =COUNTIF(All_Results!H:H,A10) -> 136 | K10: =J10/SUM($J$2:$J$15) -> 0.0085
A11: 12 | B11: 151.62791 | C11: 0.017505739 | D11: 0.0019986379 | E11: 0.018171843 | F11: 0.0018779107 | G11: 2.0459715 | H11: 1.0002078 | I11: -174.09236 | J11: =COUNTIF(All_Results!H:H,A11) -> 43 | K11: =J11/SUM($J$2:$J$15) -> 0.0026875
A12: 13 | B12: 160.5 | C12: 0.016675824 | D12: 0.0019360639 | E12: 0.016364262 | F12: 0.0018802876 | G12: 1.9939842 | H12: 0.99282656 | I12: -189.83073 | J12: =COUNTIF(All_Results!H:H,A12) -> 20 | K12: =J12/SUM($J$2:$J$15) -> 0.00125
A13: 14 | B13: 195 | C13: 0.011259769 | D13: 0.0014754345 | E13: 0.0094818238 | F13: 0.0017377138 | G13: 1.770368 | H13: 0.97529589 | I13: -260.20481 | J13: =COUNTIF(All_Results!H:H,A13) -> 2 | K13: =J13/SUM($J$2:$J$15) -> 0.000125
... A15: 16 | B15: 190 | C15: 0.014445153 | D15: 0.0016010321 | E15: 0.017437723 | F15: 0.0010442649 | G15: 2.2667628 | H15: 0.96068764 | I15: -205.65896 | J15: =COUNTIF(All_Results!H:H,A15) -> 1 | K15: =J15/SUM($J$2:$J$15) -> 6.25e-05

Sheet summary_NT_record
A1: Param_N_T | B1: T_value | C1: Theo_shape | D1: Theo_scale | E1: Emp_shape | F1: Emp_scale | G1: Param_shape | H1: Param_scale | I1: LogL | J1: # cases | K1: Pr(NT)
A2: 3 | B2: 112.68959 | C2: 0.74270212 | D2: 0.57373904 | E2: 0.92200435 | F2: 0.59240411 | G2: 2.723245 | H2: 1.6150611 | I2: -12.258141 | J2: =COUNTIF(All_Results_record!H:H,A2) -> 1978 | K2: =J2/SUM($J$2:$J$15) -> 0.123625
A3: 4 | B3: 117.54859 | C3: 0.58044647 | D3: 0.37159832 | E3: 1.5001445 | F3: 0.81509618 | G3: 2.4448851 | H3: 1.2716706 | I3: -16.229689 | J3: =COUNTIF(All_Results_record!H:H,A3) -> 2933 | K3: =J3/SUM($J$2:$J$15) -> 0.1833125
A4: 5 | B4: 121.54044 | C4: 1.315543 | D4: 0.81822936 | E4: 0.68283448 | F4: 0.34183637 | G4: 2.2894746 | H4: 1.1462538 | I4: -19.766891 | J4: =COUNTIF(All_Results_record!H:H,A4) -> 3499 | K4: =J4/SUM($J$2:$J$15) -> 0.2186875
A5: 6 | B5: 127.25669 | C5: 1.0690689 | D5: 0.58311787 | E5: 1.3315637 | F5: 0.81990565 | G5: 2.285271 | H5: 1.0683701 | I5: -23.100044 | J5: =COUNTIF(All_Results_record!H:H,A5) -> 3062 | K5: =J5/SUM($J$2:$J$15) -> 0.191375
A6: 7 | B6: 131.85533 | C6: 0.36626526 | D6: 0.17701401 | E6: 0.6020283 | F6: 0.27657332 | G6: 2.2456965 | H6: 1.0352397 | I6: -26.421745 | J6: =COUNTIF(All_Results_record!H:H,A6) -> 2129 | K6: =J6/SUM($J$2:$J$15) -> 0.1330625
A7: 8 | B7: 137.13844 | C7: 0.65460718 | D7: 0.37615382 | E7: 0.39734307 | F7: 0.15521216 | G7: 2.2712369 | H7: 1.0074052 | I7: -29.490122 | J7: =COUNTIF(All_Results_record!H:H,A7) -> 1293 | K7: =J7/SUM($J$2:$J$15) -> 0.0808125
A8: 9 | B8: 139.8495 | C8: 0.38156682 | D8: 0.18266631 | E8: 0.50264795 | F8: 0.22738165 | G8: 2.2391815 | H8: 0.98181202 | I8: -32.37397 | J8: =COUNTIF(All_Results_record!H:H,A8) -> 598 | K8: =J8/SUM($J$2:$J$15) -> 0.037375
A9: 10 | B9: 148.18482 | C9: 0.32837448 | D9: 0.1536004 | E9: 0.43643763 | F9: 0.19980657 | G9: 2.2008639 | H9: 0.97930562 | I9: -36.131088 | J9: =COUNTIF(All_Results_record!H:H,A9) -> 303 | K9: =J9/SUM($J$2:$J$15) -> 0.0189375
A10: 11 | B10: 147.94118 | C10: 0.27180378 | D10: 0.11576683 | E10: 0.4242148 | F10: 0.15959945 | G10: 2.2665058 | H10: 0.94980366 | I10: -38.860061 | J10: =COUNTIF(All_Results_record!H:H,A10) -> 136 | K10: =J10/SUM($J$2:$J$15) -> 0.0085
A11: 12 | B11: 151.62791 | C11: 0.24800014 | D11: 0.099141563 | E11: 0.3551302 | F11: 0.12873814 | G11: 2.1970603 | H11: 0.97835578 | I11: -41.203409 | J11: =COUNTIF(All_Results_record!H:H,A11) -> 43 | K11: =J11/SUM($J$2:$J$15) -> 0.0026875
A12: 13 | B12: 160.5 | C12: 0.18946564 | D12: 0.07103846 | E12: 0.21298874 | F12: 0.091009187 | G12: 2.0691779 | H12: 0.9655907 | I12: -44.94311 | J12: =COUNTIF(All_Results_record!H:H,A12) -> 20 | K12: =J12/SUM($J$2:$J$15) -> 0.00125
A13: 14 | B13: 195 | C13: 0.13292625 | D13: 0.055765267 | E13: 0.067231026 | F13: 0.034409607 | G13: 1.9237217 | H13: 0.95488245 | I13: -55.152946 | J13: =COUNTIF(All_Results_record!H:H,A13) -> 2 | K13: =J13/SUM($J$2:$J$15) -> 0.000125
... A15: 16 | B15: 190 | C15: 0.1049893 | D15: 0.038934843 | E15: 0.13923683 | F15: 0.027999546 | G15: 2.1737475 | H15: 0.88889704 | I15: -49.210289 | J15: =COUNTIF(All_Results_record!H:H,A15) -> 1 | K15: =J15/SUM($J$2:$J$15) -> 6.25e-05

Sheet All Par
B1: AVG_param_shape | C1: AVG_bias_shape | D1: AVG_Emp_var_shape | E1: AVG_Theo_var_shape | F1: Coverage_proba_shape | G1: AVG_param_scale | H1: AVG_bias_scale | I1: AVG_Emp_var_scale | J1: AVG_Theo_var_scale | K1: Coverage_proba_scale | L1: AVG_param_N_T
A2: T=50 | B2: 2.106 | C2: 0.10595 | D2: 0.054611016 | E2: 0.051247904 | F2: 0.923 | G2: 1.007 | H2: 0.00732 | I2: 0.0052519009 | J2: 0.0058461316 | K2: 0.975 | L2: 4.933
A3: T=60 | B3: 2.084 | C3: 0.08386 | D3: 0.044364997 | E3: 0.042361872 | F3: 0.937 | G3: 1.006 | H3: 0.00571 | I3: 0.0044408896 | J3: 0.00487204 | K3: 0.971 | L3: 5.034
A4: T=70 | B4: 2.068 | C4: 0.06843 | D4: 0.037415165 | E4: 0.036043022 | F4: 0.952 | G4: 1.009 | H4: 0.00902 | I4: 0.0038601369 | J4: 0.0041100921 | K4: 0.964 | L4: 5.268
A5: T=80 | B5: 2.058 | C5: 0.05825 | D5: 0.032374805 | E5: 0.031297148 | F5: 0.938 | G5: 1.005 | H5: 0.00479 | I5: 0.00337561 | J5: 0.0035832196 | K5: 0.97 | L5: 5.213
A6: T=90 | B6: 2.043 | C6: 0.04301 | D6: 0.02835856 | E6: 0.02772891 | F6: 0.948 | G6: 1.007 | H6: 0.00701 | I6: 0.0030492484 | J6: 0.0031629376 | K6: 0.961 | L6: 5.337
A7: T=100 | B7: 2.043 | C7: 0.04316 | D7: 0.025532844 | E7: 0.024913466 | F7: 0.946 | G7: 1.005 | H7: 0.00471 | I7: 0.0027269284 | J7: 0.0028451556 | K7: 0.964 | L7: 5.453
A8: T=110 | B8: 2.046 | C8: 0.04637 | D8: 0.023274554 | E8: 0.022659281 | F8: 0.945 | G8: 1.006 | H8: 0.00562 | I8: 0.0024690961 | J8: 0.0025735329 | K8: 0.965 | L8: 5.525
A9: T=120 | B9: 2.043 | C9: 0.04256 | D9: 0.021213922 | E9: 0.0206957 | F9: 0.943 | G9: 1.006 | H9: 0.00631 | I9: 0.0022743361 | J9: 0.0023541904 | K9: 0.952 | L9: 5.574
A10: T=130 | B10: 2.033 | C10: 0.03304 | D10: 0.019362722 | E10: 0.018999866 | F10: 0.941 | G10: 1.005 | H10: 0.00495 | I10: 0.0021132409 | J10: 0.00217156 | K10: 0.965 | L10: 5.661
A11: T=140 | B11: 2.038 | C11: 0.03819 | D11: 0.018106394 | E11: 0.017710286 | F11: 0.936 | G11: 1.004 | H11: 0.00413 | I11: 0.0019456921 | J11: 0.00201601 | K11: 0.963 | L11: 5.793
A12: T=150 | B12: 2.029 | C12: 0.02942 | D12: 0.01673401 | E12: 0.016453193 | F12: 0.943 | G12: 1.004 | H12: 0.00364 | I12: 0.0018292729 | J12: 0.0018792225 | K12: 0.955 | L12: 5.818
A13: T=160 | B13: 2.029 | C13: 0.02931 | D13: 0.01571513 | E13: 0.015440548 | F13: 0.949 | G13: 1.004 | H13: 0.00364 | I13: 0.0017123044 | J13: 0.0017564481 | K13: 0.958 | L13: 5.922
... A17: T=200 | B17: 2.025 | C17: 0.02513 | D17: 0.012488063 | E17: 0.012307684 | F17: 0.954 | G17: 1.002 | H17: 0.0023 | I17: 0.001369 | J17: 0.0014032516 | K17: 0.958 | L17: 6.123

Sheet All Par_record
B1: AVG_param_shape | C1: AVG_bias_shape | D1: AVG_Emp_var_shape | E1: AVG_Theo_var_shape | F1: Coverage_proba_shape | G1: AVG_param_scale | H1: AVG_bias_scale | I1: AVG_Emp_var_scale | J1: AVG_Theo_var_scale | K1: Coverage_proba_scale | L1: AVG_param_N_T
A2: T=50 | B2: 2.507 | C2: 0.50731 | D2: 0.88534926 | E2: 1.4784128 | F2: 0.825 | G2: 1.152 | H2: 0.15216 | I2: 0.30220307 | J2: 0.73465469 | K2: 0.869 | L2: 4.933
A3: T=60 | B3: 2.563 | C3: 0.5633 | D3: 0.88055702 | E3: 0.69110957 | F3: 0.813 | G3: 1.131 | H3: 0.13073 | I3: 0.3380027 | J3: 0.30709331 | K3: 0.848 | L3: 5.034
A4: T=70 | B4: 2.479 | C4: 0.4787 | D4: 2.7454502 | E4: 2.2375373 | F4: 0.81 | G4: 1.169 | H4: 0.1691 | I4: 1.3049407 | J4: 1.2529892 | K4: 0.842 | L4: 5.268
A5: T=80 | B5: 2.442 | C5: 0.44199 | D5: 0.81385658 | E5: 0.73354086 | F5: 0.83 | G5: 1.154 | H5: 0.15374 | I5: 0.35385842 | J5: 0.42125292 | K5: 0.837 | L5: 5.213
A6: T=90 | B6: 2.411 | C6: 0.41137 | D6: 0.80301313 | E6: 1.9976996 | F6: 0.82 | G6: 1.202 | H6: 0.20244 | I6: 0.40084093 | J6: 1.3766329 | K6: 0.834 | L6: 5.337
A7: T=100 | B7: 2.347 | C7: 0.34669 | D7: 1.1036343 | E7: 0.94702092 | F7: 0.836 | G7: 1.178 | H7: 0.17816 | I7: 0.65525787 | J7: 0.54132806 | K7: 0.839 | L7: 5.453
A8: T=110 | B8: 2.313 | C8: 0.31281 | D8: 0.94778013 | E8: 0.78540361 | F8: 0.839 | G8: 1.208 | H8: 0.20766 | I8: 0.47309635 | J8: 0.51338658 | K8: 0.831 | L8: 5.525
A9: T=120 | B9: 2.375 | C9: 0.37539 | D9: 0.58038495 | E9: 0.44658479 | F9: 0.828 | G9: 1.173 | H9: 0.17252 | I9: 0.32122823 | J9: 0.2704 | K9: 0.838 | L9: 5.574
A10: T=130 | B10: 2.369 | C10: 0.3694 | D10: 0.43755579 | E10: 0.52947452 | F10: 0.834 | G10: 1.133 | H10: 0.13315 | I10: 0.23395602 | J10: 0.33318293 | K10: 0.839 | L10: 5.661
A11: T=140 | B11: 2.291 | C11: 0.29062 | D11: 0.5790449 | E11: 0.63549595 | F11: 0.831 | G11: 1.206 | H11: 0.20596 | I11: 0.34635579 | J11: 0.3559077 | K11: 0.835 | L11: 5.793
A12: T=150 | B12: 2.335 | C12: 0.33531 | D12: 2.2727673 | E12: 0.58902555 | F12: 0.822 | G12: 1.163 | H12: 0.16301 | I12: 1.6063028 | J12: 0.46460582 | K12: 0.83 | L12: 5.818
A13: T=160 | B13: 2.292 | C13: 0.2921 | D13: 0.39407006 | E13: 0.38057795 | F13: 0.827 | G13: 1.154 | H13: 0.15444 | I13: 0.22654744 | J13: 0.235225 | K13: 0.836 | L13: 5.922
... A17: T=200 | B17: 2.197 | C17: 0.19715 | D17: 0.52713408 | E17: 0.4776745 | F17: 0.866 | G17: 1.197 | H17: 0.19667 | I17: 0.35483466 | J17: 0.33867744 | K17: 0.82 | L17: 6.123

Sheet Bias vs. gamma

Sheet Cov vs. gamma

Sheet Var vs. gamma
