Workbook

Sheet All_Results
A1: T_value | B1: Theo_max | C1: Emp_max | D1: Param_max | E1: Param_N_T | F1: LogL
A2: 50 | B2: 0.0016006403 | C2: 0.0016557518 | D2: 2.0341396 | E2: 10 | F2: 68.757784
A3: 50 | B3: 0.0016006403 | C3: 0.0016481156 | D3: 2.0294435 | E3: 7 | F3: 68.644531
A4: 50 | B4: 0.0016006403 | C4: 0.0014374299 | D4: 1.8952934 | E4: 2 | F4: 65.293522
A5: 50 | B5: 0.0016006403 | C5: 0.0016167669 | D5: 2.0100499 | E5: 12 | F5: 68.174029
A6: 50 | B6: 0.0016006403 | C6: 0.0016206333 | D6: 2.0124519 | E6: 6 | F6: 68.23255
A7: 50 | B7: 0.0016006403 | C7: 0.0016124606 | D7: 2.0073712 | E7: 10 | F7: 68.108686
A8: 50 | B8: 0.0016006403 | C8: 0.0015562109 | D8: 1.9720474 | E8: 6 | F8: 67.238755
A9: 50 | B9: 0.0016006403 | C9: 0.0015736839 | D9: 1.9830875 | E9: 9 | F9: 67.512306
A10: 50 | B10: 0.0016006403 | C10: 0.0016450919 | D10: 2.027581 | E10: 7 | F10: 68.599541
A11: 50 | B11: 0.0016006403 | C11: 0.001587275 | D11: 1.9916325 | E11: 4 | F11: 67.722991
A12: 50 | B12: 0.0016006403 | C12: 0.0016587994 | D12: 2.0360107 | E12: 9 | F12: 68.802837
A13: 50 | B13: 0.0016006403 | C13: 0.0015836418 | D13: 1.9893519 | E13: 5 | F13: 67.666847
... A16001: 200 | B16001: 0.0001000025 | C16001: 0.00010095519 | D16001: 2.0095041 | E16001: 5 | F16001: 276.81599

Sheet All_Results_record
A1: T_value | B1: Theo_max | C1: Emp_max | D1: Param_max | E1: Param_N_T | F1: LogL
A2: 50 | B2: 0.04040404 | C2: 0.041795189 | D2: 1.9242257 | E2: 10 | F2: 13.894493
A3: 50 | B3: 0.083333333 | C3: 0.085805021 | D3: 1.3369678 | E3: 7 | F3: 10.834604
A4: 50 | B4: 1.3333333 | C4: 1.1973791 | D4: 1.2556993 | E4: 2 | F4: 3.8404863
A5: 50 | B5: 0.027972028 | C5: 0.02825385 | D5: 1.6757583 | E5: 12 | F5: 17.668498
A6: 50 | B6: 0.11428571 | C6: 0.11571322 | D6: 1.8614391 | E6: 6 | F6: 9.340329
A7: 50 | B7: 0.04040404 | C7: 0.040702415 | D7: 1.694996 | E7: 10 | F7: 12.509759
A8: 50 | B8: 0.11428571 | C8: 0.11111346 | D8: 1.162256 | E8: 6 | F8: 9.150456
A9: 50 | B9: 0.05 | C9: 0.049157952 | D9: 1.7109351 | E9: 9 | F9: 12.144088
A10: 50 | B10: 0.083333333 | C10: 0.085647598 | D10: 1.8392188 | E10: 7 | F10: 10.705177
A11: 50 | B11: 0.26666667 | C11: 0.26444001 | D11: 0.93055385 | E11: 4 | F11: 6.5504513
A12: 50 | B12: 0.05 | C12: 0.051816745 | D12: 1.8894506 | E12: 9 | F12: 13.327742
A13: 50 | B13: 0.16666667 | C13: 0.1648967 | D13: 1.9893519 | E13: 5 | F13: 7.5940553
... A16001: 200 | B16001: 0.16666667 | C16001: 0.16825444 | D16001: 1.7110395 | E16001: 5 | F16001: 8.6894782

Sheet summary_NT
A1: Param_N_T | B1: T_value | C1: Theo_max | D1: Emp_max | E1: Param_max | F1: LogL
A2: 2 | B2: 111.08221 | C2: 0.0005420305 | D2: 0.00054233668 | E2: 1.999736 | F2: 152.5919
A3: 3 | B3: 117.0903 | C3: 0.00050107211 | D3: 0.0005000681 | E3: 1.9978295 | F3: 160.81296
A4: 4 | B4: 114.97743 | C4: 0.00052103718 | D4: 0.00052093596 | E4: 2.0001117 | F4: 158.01432
A5: 5 | B5: 115.68337 | C5: 0.00051179986 | D5: 0.00051102667 | E5: 1.9998523 | F5: 158.99308
A6: 6 | B6: 114.6765 | C6: 0.00053270409 | D6: 0.0005317631 | E6: 1.9997011 | F6: 157.60468
A7: 7 | B7: 116.77749 | C7: 0.00051444574 | D7: 0.00051406087 | E7: 1.9997379 | F7: 160.49309
A8: 8 | B8: 115.68528 | C8: 0.00051043972 | D8: 0.00051021954 | E8: 1.9997201 | F8: 158.99497
A9: 9 | B9: 117.16625 | C9: 0.00049227937 | D9: 0.00049341707 | E9: 2.0014065 | F9: 161.09436
A10: 10 | B10: 119.80106 | C10: 0.00048187252 | D10: 0.00048241417 | E10: 1.9993217 | F10: 164.62057
A11: 11 | B11: 120.32432 | C11: 0.00046550289 | D11: 0.00046499483 | E11: 1.9992086 | F11: 165.3827
A12: 12 | B12: 120.54208 | C12: 0.00045475076 | D12: 0.00045597906 | E12: 2.0009895 | F12: 165.75123
A13: 13 | B13: 122.94304 | C13: 0.00043963255 | D13: 0.00043903601 | E13: 1.9990723 | F13: 168.99641
... A58: 63 | B58: 200 | C58: 0.0001000025 | D58: 9.9525649e-05 | E58: 1.9952259 | F58: 275.39699

Sheet summary_NT_record
A1: Param_N_T | B1: T_value | C1: Theo_max | D1: Emp_max | E1: Param_max | F1: LogL
A2: 2 | B2: 111.08221 | C2: 1.3333333 | D2: 1.3331721 | E2: 0.84805275 | F2: 4.1856205 | G2: =E2/2 -> 0.42402637 | H2: =COUNTIF(All_Results_record!E:E,summary_NT_record!A2) -> 961 | I2: =H2/SUM($H$2:$H$58) -> 0.0600625
A3: 3 | B3: 117.0903 | C3: 0.5 | D3: 0.4989871 | E3: 1.1732853 | F3: 5.5202066 | G3: =E3/2 -> 0.58664267 | H3: =COUNTIF(All_Results_record!E:E,summary_NT_record!A3) -> 897 | I3: =H3/SUM($H$2:$H$58) -> 0.0560625
A4: 4 | B4: 114.97743 | C4: 0.26666667 | D4: 0.26673224 | E4: 1.3103721 | F4: 6.7820846 | G4: =E4/2 -> 0.65518606 | H4: =COUNTIF(All_Results_record!E:E,summary_NT_record!A4) -> 886 | I4: =H4/SUM($H$2:$H$58) -> 0.055375
A5: 5 | B5: 115.68337 | C5: 0.16666667 | D5: 0.16666625 | E5: 1.4035297 | F5: 8.1083505 | G5: =E5/2 -> 0.70176487 | H5: =COUNTIF(All_Results_record!E:E,summary_NT_record!A5) -> 878 | I5: =H5/SUM($H$2:$H$58) -> 0.054875
A6: 6 | B6: 114.6765 | C6: 0.11428571 | D6: 0.11426694 | E6: 1.5301955 | F6: 9.4374003 | G6: =E6/2 -> 0.76509774 | H6: =COUNTIF(All_Results_record!E:E,summary_NT_record!A6) -> 881 | I6: =H6/SUM($H$2:$H$58) -> 0.0550625
A7: 7 | B7: 116.77749 | C7: 0.083333333 | D7: 0.083323595 | E7: 1.5789841 | F7: 10.78666 | G7: =E7/2 -> 0.78949207 | H7: =COUNTIF(All_Results_record!E:E,summary_NT_record!A7) -> 782 | I7: =H7/SUM($H$2:$H$58) -> 0.048875
A8: 8 | B8: 115.68528 | C8: 0.063492063 | D8: 0.063483057 | E8: 1.6326704 | F8: 12.057726 | G8: =E8/2 -> 0.81633518 | H8: =COUNTIF(All_Results_record!E:E,summary_NT_record!A8) -> 788 | I8: =H8/SUM($H$2:$H$58) -> 0.04925
A9: 9 | B9: 117.16625 | C9: 0.05 | D9: 0.050075532 | E9: 1.6691068 | F9: 13.430435 | G9: =E9/2 -> 0.83455341 | H9: =COUNTIF(All_Results_record!E:E,summary_NT_record!A9) -> 794 | I9: =H9/SUM($H$2:$H$58) -> 0.049625
A10: 10 | B10: 119.80106 | C10: 0.04040404 | D10: 0.04038155 | E10: 1.7030851 | F10: 14.744595 | G10: =E10/2 -> 0.85154255 | H10: =COUNTIF(All_Results_record!E:E,summary_NT_record!A10) -> 754 | I10: =H10/SUM($H$2:$H$58) -> 0.047125
A11: 11 | B11: 120.32432 | C11: 0.033333333 | D11: 0.033310703 | E11: 1.7245687 | F11: 16.070372 | G11: =E11/2 -> 0.86228437 | H11: =COUNTIF(All_Results_record!E:E,summary_NT_record!A11) -> 740 | I11: =H11/SUM($H$2:$H$58) -> 0.04625
A12: 12 | B12: 120.54208 | C12: 0.027972028 | D12: 0.028002697 | E12: 1.7616646 | F12: 17.402976 | G12: =E12/2 -> 0.88083229 | H12: =COUNTIF(All_Results_record!E:E,summary_NT_record!A12) -> 701 | I12: =H12/SUM($H$2:$H$58) -> 0.0438125
A13: 13 | B13: 122.94304 | C13: 0.023809524 | D13: 0.023790554 | E13: 1.7869761 | F13: 18.784275 | G13: =E13/2 -> 0.89348804 | H13: =COUNTIF(All_Results_record!E:E,summary_NT_record!A13) -> 632 | I13: =H13/SUM($H$2:$H$58) -> 0.0395
... A58: 63 | B58: 200 | C58: 0.0010080645 | D58: 0.0010032577 | E58: 1.9774695 | F58: 88.10731 | G58: =E58/2 -> 0.98873473 | H58: =COUNTIF(All_Results_record!E:E,summary_NT_record!A58) -> 1 | I58: =H58/SUM($H$2:$H$58) -> 6.25e-05

Sheet All Par
B1: AVG_param_max | C1: AVG_bias_max | D1: AVG_Emp_var_max | E1: AVG_Theo_var_max | F1: Coverage_proba_max | G1: AVG_param_N_T
A2: T=50 | B2: 1.999 | C2: -0.00052 | D2: 0.04001 | E2: 0.04001 | F2: 0.947 | G2: 8.444
A3: T=60 | B3: 1.998 | C3: -0.00207 | D3: 0.03331 | E3: 0.03334 | F3: 0.938 | G3: 9.402
A4: T=70 | B4: 2 | C4: -0.0004 | D4: 0.02857 | E4: 0.02857 | F4: 0.942 | G4: 10.03
A5: T=80 | B5: 2 | C5: -0.00032 | D5: 0.025 | E5: 0.025 | F5: 0.944 | G5: 10.671
A6: T=90 | B6: 1.998 | C6: -0.00194 | D6: 0.0222 | E6: 0.02222 | F6: 0.932 | G6: 11.471
A7: T=100 | B7: 2 | C7: -0.00043 | D7: 0.02 | E7: 0.02 | F7: 0.948 | G7: 11.885
A8: T=110 | B8: 2 | C8: 0.0004 | D8: 0.01819 | E8: 0.01818 | F8: 0.95 | G8: 12.426
A9: T=120 | B9: 2.001 | C9: 0.0005 | D9: 0.01667 | E9: 0.01667 | F9: 0.948 | G9: 12.398
A10: T=130 | B10: 2 | C10: -0.00044 | D10: 0.01538 | E10: 0.01539 | F10: 0.955 | G10: 14.003
A11: T=140 | B11: 2 | C11: 1e-05 | D11: 0.01429 | E11: 0.01429 | F11: 0.945 | G11: 13.975
A12: T=150 | B12: 2 | C12: -0.00043 | D12: 0.01333 | E12: 0.01333 | F12: 0.937 | G12: 14.464
A13: T=160 | B13: 2 | C13: 7e-05 | D13: 0.0125 | E13: 0.0125 | F13: 0.953 | G13: 14.872
... A17: T=200 | B17: 2 | C17: -6e-05 | D17: 0.01 | E17: 0.01 | F17: 0.938 | G17: 15.882

Sheet All Par_record
B1: AVG_param_max | C1: AVG_bias_max | D1: AVG_Emp_var_max | E1: AVG_Theo_var_max | F1: Coverage_proba_max | G1: AVG_param_N_T
A2: T=50 | B2: 1.535 | C2: -0.4651 | D2: 0.48495 | E2: 0.48453 | F2: 0.791 | G2: 8.444 | H2: =B2/2 -> 0.7675
A3: T=60 | B3: 1.573 | C3: -0.42739 | D3: 0.46199 | E3: 0.46216 | F3: 0.78 | G3: 9.402 | H3: =B3/2 -> 0.7865
A4: T=70 | B4: 1.567 | C4: -0.43285 | D4: 0.45335 | E4: 0.45392 | F4: 0.755 | G4: 10.03 | H4: =B4/2 -> 0.7835
A5: T=80 | B5: 1.586 | C5: -0.41396 | D5: 0.42351 | E5: 0.42324 | F5: 0.731 | G5: 10.671 | H5: =B5/2 -> 0.793
A6: T=90 | B6: 1.608 | C6: -0.39188 | D6: 0.41935 | E6: 0.41996 | F6: 0.74 | G6: 11.471 | H6: =B6/2 -> 0.804
A7: T=100 | B7: 1.626 | C7: -0.37402 | D7: 0.42253 | E7: 0.42322 | F7: 0.762 | G7: 11.885 | H7: =B7/2 -> 0.813
A8: T=110 | B8: 1.606 | C8: -0.39379 | D8: 0.41484 | E8: 0.4146 | F8: 0.751 | G8: 12.426 | H8: =B8/2 -> 0.803
A9: T=120 | B9: 1.616 | C9: -0.38401 | D9: 0.42181 | E9: 0.42221 | F9: 0.739 | G9: 12.398 | H9: =B9/2 -> 0.808
A10: T=130 | B10: 1.633 | C10: -0.36695 | D10: 0.36247 | E10: 0.36254 | F10: 0.72 | G10: 14.003 | H10: =B10/2 -> 0.8165
A11: T=140 | B11: 1.645 | C11: -0.35488 | D11: 0.38528 | E11: 0.38513 | F11: 0.732 | G11: 13.975 | H11: =B11/2 -> 0.8225
A12: T=150 | B12: 1.661 | C12: -0.33898 | D12: 0.35752 | E12: 0.35751 | F12: 0.713 | G12: 14.464 | H12: =B12/2 -> 0.8305
A13: T=160 | B13: 1.678 | C13: -0.32243 | D13: 0.35219 | E13: 0.35212 | F13: 0.726 | G13: 14.872 | H13: =B13/2 -> 0.839
... A17: T=200 | B17: 1.678 | C17: -0.32206 | D17: 0.33414 | E17: 0.33406 | F17: 0.698 | G17: 15.882 | H17: =B17/2 -> 0.839

Sheet Bias vs. gamma

Sheet Cov vs. gamma

Sheet Var vs. gamma
