Workbook

Sheet All_Results
A1: T_value | B1: Theo_theta | C1: Theo_scale | D1: Theo_shape | E1: Emp_theta | F1: Emp_scale | G1: Emp_shape | H1: Param_theta | I1: Param_scale | J1: Param_shape | K1: Param_N_T | L1: LogL | M1: theta
A2: 50 | B2: 2.1211023e-05 | C2: 0.028788614 | D2: 0.1118957 | E2: 9.0823197e-07 | F2: 0.003637331 | G2: 0.0048482872 | H2: 0.1112263 | I2: 0.20539972 | J2: 0.37520057 | K2: 3 | L2: -113.38075 | M2: 0.1
A3: 50 | B3: 4.1223802e-05 | C3: 0.072742771 | D3: 0.2993447 | E3: 2.5903993e-06 | F3: 0.0040821125 | G3: 0.0070891389 | H3: 0.10994205 | I3: 0.22579927 | J3: 0.42226802 | K3: 7 | L3: -116.98631 | M3: 0.1
A4: 50 | B4: 1.3567199e-05 | C4: 0.014746135 | D4: 0.071263486 | E4: 4.6196759e-07 | F4: 0.0038032669 | G4: 0.0034695942 | H4: 0.11513798 | I4: 0.19637511 | J4: 0.31972972 | K4: 8 | L4: -106.86838 | M4: 0.1
A5: 50 | B5: 2.3363639e-05 | C5: 0.026673984 | D5: 0.069195192 | E5: 8.1887759e-06 | F5: 0.026276673 | G5: 0.053876385 | H5: 0.10607617 | I5: 1.1106591 | J5: 1.5035295 | K5: 5 | L5: -57.071615 | M5: 0.1
A6: 50 | B6: 8.8839382e-06 | C6: 0.01045465 | D6: 0.070458946 | E6: 2.1630374e-07 | F6: 0.0034139444 | G6: 0.0027108963 | H6: 0.11339464 | I6: 0.19019458 | J6: 0.30973885 | K6: 5 | L6: -106.1789 | M6: 0.1
A7: 50 | B7: 6.211221e-06 | C7: 0.010561376 | D7: 0.085605336 | E7: 8.200608e-06 | F7: 0.010296392 | G7: 0.087337365 | H7: 0.097192709 | I7: 0.96924133 | J7: 2.3119556 | K7: 5 | L7: -50.684991 | M7: 0.1
A8: 50 | B8: 6.092666e-06 | C8: 0.008491161 | D8: 0.10035902 | E8: 1.4621744e-06 | F8: 0.0038998896 | G8: 0.0055971765 | H8: 0.10953228 | I8: 0.20428488 | J8: 0.37001721 | K8: 4 | L8: -117.48002 | M8: 0.1
A9: 50 | B9: 4.7118686e-06 | C9: 0.0072743528 | D9: 0.10274296 | E9: 9.6715948e-07 | F9: 0.0037625125 | G9: 0.0050234983 | H9: 0.11061323 | I9: 0.18847576 | J9: 0.34161125 | K9: 6 | L9: -109.42871 | M9: 0.1
A10: 50 | B10: 7.809969e-06 | C10: 0.010021399 | D10: 0.07652785 | E10: 6.5487033e-07 | F10: 0.0034417531 | G10: 0.0039166972 | H10: 0.11183498 | I10: 0.19590882 | J10: 0.34859972 | K10: 11 | L10: -109.89512 | M10: 0.1
A11: 50 | B11: 1.063053e-05 | C11: 0.011207782 | D11: 0.071107531 | E11: 3.4693825e-07 | F11: 0.0031144402 | G11: 0.0031429169 | H11: 0.11368243 | I11: 0.18657565 | J11: 0.33272711 | K11: 3 | L11: -104.77288 | M11: 0.1
A12: 50 | B12: 1.074358e-05 | C12: 0.015970131 | D12: 0.068325113 | E12: 1.8939375e-06 | F12: 0.0046955707 | G12: 0.0068093404 | H12: 0.11329949 | I12: 0.20645392 | J12: 0.3555588 | K12: 7 | L12: -115.55091 | M12: 0.1
A13: 50 | B13: 5.238098e-06 | C13: 0.0085379329 | D13: 0.070351141 | E13: 1.8541887e-06 | F13: 0.0039365859 | G13: 0.0058597893 | H13: 0.10903737 | I13: 0.22004602 | J13: 0.40283281 | K13: 4 | L13: -114.37125 | M13: 0.1
... A15001: 200 | B15001: 2.4069213e-07 | C15001: 0.003857934 | D15001: 0.016913097 | E15001: 1.2825232e-07 | F15001: 0.0039914586 | G15001: 0.021120494 | H15001: 0.50069925 | I15001: 1.1207294 | J15001: 2.1195392 | K15001: 86 | L15001: -197.26648 | M15001: 0.5

Sheet All_Results_record
A1: T_value | B1: Theo_theta | C1: Theo_scale | D1: Theo_shape | E1: Emp_theta | F1: Emp_scale | G1: Emp_shape | H1: Param_theta | I1: Param_scale | J1: Param_shape | K1: Param_N_T | L1: LogL | M1: theta
A2: 50 | B2: 0.0027292677 | C2: 0.5748991 | D2: 0.82566226 | E2: 0.01226959 | F2: 0.020519246 | G2: 2.5472639 | H2: 0.014651693 | I2: 0.42505542 | J2: 3.7466215 | K2: 3 | L2: -13.53611 | M2: 0.1
A3: 50 | B3: 0.0045705382 | C3: 1.5897931 | D3: 2.2822453 | E3: 0.00098633487 | F3: 0.16461828 | G3: 0.49704438 | H3: 0.1024251 | I3: 0.91572282 | J3: 2.1062713 | K3: 7 | L3: -29.771235 | M3: 0.1
A4: 50 | B4: 0.00072971152 | C4: 0.048927657 | D4: 0.14104565 | E4: 0.00020610674 | F4: 0.0805465 | G4: 0.1764389 | H4: 0.11482444 | I4: 1.1849 | J4: 2.1211644 | K4: 8 | L4: -24.216528 | M4: 0.1
A5: 50 | B5: 0.001483091 | C5: 0.071206449 | D5: 0.1732996 | E5: 0.0015898541 | F5: 0.13719085 | G5: 0.19393914 | H5: 0.10257306 | I5: 1.1115896 | J5: 1.9085728 | K5: 5 | L5: -18.853776 | M5: 0.1
A6: 50 | B6: 5.3235256 | C6: 9.887394 | D6: 97.494391 | E6: 0.0157589 | F6: 0.12110115 | G6: 0.26187451 | H6: 0.2460664 | I6: 0.93977407 | J6: 2.0162123 | K6: 5 | L6: -14.705875 | M6: 0.1
A7: 50 | B7: 0.0043395369 | C7: 4.9847699 | D7: 8.0205361 | E7: 0.007469813 | F7: 0.0095455525 | G7: 0.8757291 | H7: 0.019067677 | I7: 0.50586441 | J7: 3.2757103 | K7: 5 | L7: -15.153264 | M7: 0.1
A8: 50 | B8: 0.0027877365 | C8: 0.102204 | D8: 0.27235548 | E8: 0.018416958 | F8: 0.33875385 | G8: 0.28959051 | H8: 0.036275366 | I8: 1.0443055 | J8: 1.7193809 | K8: 4 | L8: -18.766131 | M8: 0.1
A9: 50 | B9: 0.019411054 | C9: 0.14716985 | D9: 0.24908094 | E9: 0.0019764337 | F9: 0.90066066 | G9: 0.18089604 | H9: 0.21709717 | I9: 1.988029 | J9: 1.3730016 | K9: 6 | L9: -15.488369 | M9: 0.1
A10: 50 | B10: 0.00039255422 | C10: 0.040290057 | D10: 0.16991692 | E10: 3.4534479e-05 | F10: 0.037925008 | G10: 0.40715735 | H10: 0.11840894 | I10: 1.1896974 | J10: 3.0791809 | K10: 11 | L10: -26.681706 | M10: 0.1
A11: 50 | B11: 0.00046129643 | C11: 0.082883904 | D11: 0.24416943 | E11: 0.01901368 | F11: 0.04139073 | G11: 0.89561277 | H11: 0.001 | I11: 0.71625905 | J11: 2.9505892 | K11: 3 | L11: -7.489555 | M11: 0.1
A12: 50 | B12: 0.020156176 | C12: 0.19758122 | D12: 0.1800701 | E12: 0.0099029606 | F12: 0.48328577 | G12: 0.08906301 | H12: 0.14781078 | I12: 1.3274079 | J12: 1.299149 | K12: 7 | L12: -29.391745 | M12: 0.1
A13: 50 | B13: 0.0086896801 | C13: 0.40219633 | D13: 0.58381856 | E13: 0.0054235103 | F13: 13.459712 | G13: 1.0268439 | H13: 0.15812738 | I13: 2.2015182 | J13: 1.4396955 | K13: 4 | L13: -18.017411 | M13: 0.1
... A15001: 200 | B15001: 6.9107343e-07 | C15001: 0.0062625728 | D15001: 0.02621928 | E15001: 3.2677457e-07 | F15001: 0.0087444009 | G15001: 0.038482331 | H15001: 0.50100955 | I15001: 1.1676626 | J15001: 2.2299044 | K15001: 86 | L15001: -144.97402 | M15001: 0.5

Sheet summary_NT
A1: Param_N_T | B1: T_value | C1: Theo_theta | D1: Theo_scale | E1: Theo_shape | F1: Emp_theta | G1: Emp_scale | H1: Emp_shape | I1: Param_theta | J1: Param_scale | K1: Param_shape | L1: LogL | M1: theta
A2: 2 | B2: 62.820513 | C2: 1.2729828e-05 | D2: 0.018691947 | E2: 0.083036217 | F2: 4.6634266e-06 | G2: 0.0072640721 | H2: 0.029492284 | I2: 0.16241474 | J2: 0.47163084 | K2: 0.91431955 | L2: -124.61245 | M2: 0.15641026
A3: 3 | B3: 66.423358 | C3: 2.0346572e-05 | D3: 0.025079196 | E3: 0.085314573 | F3: 3.9918607e-06 | G3: 0.0080122081 | H3: 0.023972571 | I3: 0.14746701 | J3: 0.47895612 | K3: 0.87578076 | L3: -121.6681 | M3: 0.14014599
A4: 4 | B4: 76.226415 | C4: 2.0130157e-05 | D4: 0.031151919 | E4: 0.086886607 | F4: 5.2228524e-06 | G4: 0.008018507 | H4: 0.028172946 | I4: 0.14759687 | J4: 0.48923091 | K4: 0.92528411 | L4: -141.69263 | M4: 0.14113208
A5: 5 | B5: 76.970443 | C5: 1.7163077e-05 | D5: 0.021579882 | E5: 0.073722051 | F5: 6.5238132e-06 | G5: 0.0091604657 | H5: 0.032685117 | I5: 0.16632678 | J5: 0.58025582 | K5: 1.0619359 | L5: -136.36735 | M5: 0.16083744
A6: 6 | B6: 80.520833 | C6: 1.6669248e-05 | D6: 0.022526228 | E6: 0.07279484 | F6: 4.3062081e-06 | G6: 0.007772675 | H6: 0.028960341 | I6: 0.16445609 | J6: 0.54032898 | K6: 1.0241276 | L6: -146.26461 | M6: 0.15916667
A7: 7 | B7: 84.282908 | C7: 1.4635938e-05 | D7: 0.020229878 | E7: 0.072809268 | F7: 3.8055936e-06 | G7: 0.0073401145 | H7: 0.029009419 | I7: 0.16318329 | J7: 0.55766004 | K7: 1.0667807 | L7: -150.42941 | M7: 0.15815324
A8: 8 | B8: 87.477477 | C8: 1.705204e-05 | D8: 0.021740177 | E8: 0.074969622 | F8: 5.411818e-06 | G8: 0.0086750335 | H8: 0.034812793 | I8: 0.18337636 | J8: 0.60715648 | K8: 1.1568084 | L8: -150.90572 | M8: 0.17891892
A9: 9 | B9: 93.729373 | C9: 2.6750825e-05 | D9: 0.030700392 | E9: 0.079925636 | F9: 5.0717897e-06 | G9: 0.0088581052 | H9: 0.036882707 | I9: 0.18424106 | J9: 0.62497431 | K9: 1.2411272 | L9: -158.8806 | M9: 0.18069307
A10: 10 | B10: 93.181818 | C10: 1.4892881e-05 | D10: 0.020074172 | E10: 0.068048982 | F10: 6.8851996e-06 | G10: 0.0090651469 | H10: 0.041575519 | I10: 0.19952602 | J10: 0.68145361 | K10: 1.3189587 | L10: -151.94092 | M10: 0.196
A11: 11 | B11: 94.970414 | C11: 9.6550125e-06 | D11: 0.014795576 | E11: 0.06184785 | F11: 6.0410775e-06 | G11: 0.0095670413 | H11: 0.041979154 | I11: 0.21726942 | J11: 0.69668562 | K11: 1.3589818 | L11: -153.28614 | M11: 0.21439842
A12: 12 | B12: 98.049645 | C12: 1.0562012e-05 | D12: 0.016233589 | E12: 0.06136847 | F12: 5.1020491e-06 | G12: 0.0089039153 | H12: 0.039798627 | I12: 0.23218649 | J12: 0.73002492 | K12: 1.4243295 | L12: -155.56469 | M12: 0.22978723
A13: 13 | B13: 97.680891 | C13: 1.1777865e-05 | D13: 0.016673796 | E13: 0.060077743 | F13: 7.5120213e-06 | G13: 0.0114621 | H13: 0.050253145 | I13: 0.24452514 | J13: 0.79171576 | K13: 1.5499841 | L13: -145.25968 | M13: 0.24267161
... A105: 108 | B105: 200 | C105: 1.407472e-07 | D105: 0.0029402363 | E105: 0.016363739 | F105: 1.4061843e-06 | G105: 0.010279434 | H105: 0.043881607 | I105: 0.50161653 | J105: 0.38365788 | K105: 0.61915763 | L105: -371.79769 | M105: 0.5

Sheet summary_NT_record
A1: Param_N_T | B1: T_value | C1: Theo_theta | D1: Theo_scale | E1: Theo_shape | F1: Emp_theta | G1: Emp_scale | H1: Emp_shape | I1: Param_theta | J1: Param_scale | K1: Param_shape | L1: LogL | M1: theta
A2: 2 | B2: 62.820513 | C2: 0.15055814 | D2: 0.77253797 | E2: 3.0362035 | F2: 0.21481195 | G2: 186.02018 | H2: 13.300082 | I2: 0.019412277 | J2: 2.0549287 | K2: 3.2631592 | L2: -9.5162911 | M2: 0.15641026 | N2: =COUNTIF(All_Results_record!K:K,A2) -> 39 | O2: =N2/SUM($N$2:$N$105) -> 0.0026
A3: 3 | B3: 66.423358 | C3: 0.052166457 | D3: 1.4050398 | E3: 1.6758437 | F3: 0.066714547 | G3: 108.58904 | H3: 1.1735396 | I3: 0.037055925 | J3: 1.5546996 | K3: 2.2372299 | L3: -12.815694 | M3: 0.14014599 | N3: =COUNTIF(All_Results_record!K:K,A3) -> 137 | O3: =N3/SUM($N$2:$N$105) -> 0.0091333333
A4: 4 | B4: 76.226415 | C4: 0.033733622 | D4: 1.0997275 | E4: 1.5718892 | F4: 0.027553239 | G4: 345.74027 | H4: 0.69672721 | I4: 0.092797241 | J4: 2.3680368 | K4: 2.1203067 | L4: -16.380489 | M4: 0.14113208 | N4: =COUNTIF(All_Results_record!K:K,A4) -> 265 | O4: =N4/SUM($N$2:$N$105) -> 0.017666667
A5: 5 | B5: 76.970443 | C5: 0.044059973 | D5: 0.41171031 | E5: 0.74464972 | F5: 0.011354773 | G5: 115.28285 | H5: 0.53665952 | I5: 0.13673984 | J5: 1.5653188 | K5: 2.1292741 | L5: -19.923949 | M5: 0.16083744 | N5: =COUNTIF(All_Results_record!K:K,A5) -> 406 | O5: =N5/SUM($N$2:$N$105) -> 0.027066667
A6: 6 | B6: 80.520833 | C6: 0.013804814 | D6: 1.0190255 | E6: 1.5159455 | F6: 0.0049720952 | G6: 190.37499 | H6: 0.43139468 | I6: 0.15509455 | J6: 1.7344598 | K6: 2.1218099 | L6: -22.703704 | M6: 0.15916667 | N6: =COUNTIF(All_Results_record!K:K,A6) -> 480 | O6: =N6/SUM($N$2:$N$105) -> 0.032
A7: 7 | B7: 84.282908 | C7: 0.091208809 | D7: 0.93636802 | E7: 0.54844808 | F7: 0.0020991049 | G7: 1078.2051 | H7: 0.41109381 | I7: 0.15660306 | J7: 1.8646406 | K7: 2.2063703 | L7: -25.923984 | M7: 0.15815324 | N7: =COUNTIF(All_Results_record!K:K,A7) -> 509 | O7: =N7/SUM($N$2:$N$105) -> 0.033933333
A8: 8 | B8: 87.477477 | C8: 0.0047565275 | D8: 0.30273491 | E8: 0.46920713 | F8: 0.0011133084 | G8: 5.4328 | H8: 0.31837619 | I8: 0.18183208 | J8: 1.2363862 | K8: 2.1477284 | L8: -28.804253 | M8: 0.17891892 | N8: =COUNTIF(All_Results_record!K:K,A8) -> 555 | O8: =N8/SUM($N$2:$N$105) -> 0.037
A9: 9 | B9: 93.729373 | C9: 0.0074684632 | D9: 0.62104562 | E9: 0.59647308 | F9: 0.0006931168 | G9: 80.917591 | H9: 0.32933636 | I9: 0.1853145 | J9: 1.3658988 | K9: 2.1764354 | L9: -31.861305 | M9: 0.18069307 | N9: =COUNTIF(All_Results_record!K:K,A9) -> 606 | O9: =N9/SUM($N$2:$N$105) -> 0.0404
A10: 10 | B10: 93.181818 | C10: 0.0019590796 | D10: 0.25125312 | E10: 0.43596015 | F10: 0.00043381555 | G10: 2.5930392 | H10: 0.29243042 | I10: 0.20087518 | J10: 1.2139242 | K10: 2.1483838 | L10: -34.283726 | M10: 0.196 | N10: =COUNTIF(All_Results_record!K:K,A10) -> 550 | O10: =N10/SUM($N$2:$N$105) -> 0.036666667
A11: 11 | B11: 94.970414 | C11: 0.0013395865 | D11: 0.20968169 | E11: 0.34880454 | F11: 0.00030558417 | G11: 0.24397561 | H11: 0.2764115 | I11: 0.217779 | J11: 1.0977572 | K11: 2.2031605 | L11: -36.920257 | M11: 0.21439842 | N11: =COUNTIF(All_Results_record!K:K,A11) -> 507 | O11: =N11/SUM($N$2:$N$105) -> 0.0338
A12: 12 | B12: 98.049645 | C12: 0.0033733991 | D12: 1.282116 | E12: 3.6206253 | F12: 0.0002104171 | G12: 0.20511874 | H12: 0.24871915 | I12: 0.23407767 | J12: 1.0999534 | K12: 2.1700011 | L12: -39.63682 | M12: 0.22978723 | N12: =COUNTIF(All_Results_record!K:K,A12) -> 564 | O12: =N12/SUM($N$2:$N$105) -> 0.0376
A13: 13 | B13: 97.680891 | C13: 0.0047083322 | D13: 0.41306204 | E13: 0.34006974 | F13: 0.00016582405 | G13: 1.001891 | H13: 0.23577031 | I13: 0.24657153 | J13: 1.1464669 | K13: 2.1740464 | L13: -40.887489 | M13: 0.24267161 | N13: =COUNTIF(All_Results_record!K:K,A13) -> 539 | O13: =N13/SUM($N$2:$N$105) -> 0.035933333
... A105: 108 | B105: 200 | C105: 4.8851759e-07 | D105: 0.0087218761 | E105: 0.034340751 | F105: 2.9460829e-07 | G105: 0.004111724 | H105: 0.048133841 | I105: 0.49961949 | J105: 0.9426439 | K105: 2.5906074 | L105: -175.56993 | M105: 0.5 | N105: =COUNTIF(All_Results_record!K:K,A105) -> 1 | O105: =N105/SUM($N$2:$N$105) -> 6.6666667e-05

Sheet All par
A1: T | B1: theta_obs | C1: Metric | D1: theta | E1: scale | F1: shape | G1: N_T
A2: T=50 | B2: 0.1 | C2: AVG_param | D2: 0.11 | E2: 0.326 | F2: 0.627 | G2: 6.601
A3: T=50 | B3: 0.1 | C3: AVG_bias | D3: 0.01006 | E3: -0.67405 | F3: -1.37338 | G3: 6.601
A4: T=50 | B4: 0.1 | C4: AVG_Emp_var | D4: 0.002 | E4: 0.08016 | F4: 0.13949 | G4: 0
A5: T=50 | B5: 0.1 | C5: AVG_Theo_var | D5: 0.00544 | E5: 0.17908 | F5: 0.31485 | G5: 0
A6: T=50 | B6: 0.1 | C6: Coverage_proba | D6: 0.177 | E6: 0.145 | F6: 0.136 | G6: 0
A7: T=50 | B7: 0.2 | C7: AVG_param | D7: 0.204 | E7: 0.813 | F7: 1.603 | G7: 9.972
A8: T=50 | B8: 0.2 | C8: AVG_bias | D8: 0.00359 | E8: -0.18679 | F8: -0.39656 | G8: 9.972
A9: T=50 | B9: 0.2 | C9: AVG_Emp_var | D9: 0.00336 | E9: 0.12186 | F9: 0.2622 | G9: 0
A10: T=50 | B10: 0.2 | C10: AVG_Theo_var | D10: 0.00521 | E10: 0.17711 | F10: 0.3185 | G10: 0
A11: T=50 | B11: 0.2 | C11: Coverage_proba | D11: 0.673 | E11: 0.616 | F11: 0.623 | G11: 0
A12: T=50 | B12: 0.3 | C12: AVG_param | D12: 0.303 | E12: 0.887 | F12: 1.734 | G12: 13.34
A13: T=50 | B13: 0.3 | C13: AVG_bias | D13: 0.00256 | E13: -0.11349 | F13: -0.26588 | G13: 13.34
... A76: T=200 | B76: 0.5 | C76: Coverage_proba | D76: 0.41 | E76: 0.4 | F76: 0.412 | G76: 0

Sheet All par_record
A1: T | B1: theta_obs | C1: Metric | D1: theta | E1: scale | F1: shape | G1: N_T
A2: T=50 | B2: 0.1 | C2: AVG_param | D2: 0.095 | E2: 1.163 | F2: 2.578 | G2: 6.601
A3: T=50 | B3: 0.1 | C3: AVG_bias | D3: -0.00488 | E3: 0.1631 | F3: 0.57842 | G3: 6.601
A4: T=50 | B4: 0.1 | C4: AVG_Emp_var | D4: 0.09941 | E4: 4.02242 | F4: 1.00301 | G4: 0
A5: T=50 | B5: 0.1 | C5: AVG_Theo_var | D5: 0.15825 | E5: 0.88072 | F5: 1.00427 | G5: 0
A6: T=50 | B6: 0.1 | C6: Coverage_proba | D6: 0.915 | E6: 0.881 | F6: 0.785 | G6: 0
A7: T=50 | B7: 0.2 | C7: AVG_param | D7: 0.195 | E7: 1.234 | F7: 2.354 | G7: 9.972
A8: T=50 | B8: 0.2 | C8: AVG_bias | D8: -0.00495 | E8: 0.2343 | F8: 0.35427 | G8: 9.972
A9: T=50 | B9: 0.2 | C9: AVG_Emp_var | D9: 0.08853 | E9: 4.23401 | F9: 0.64799 | G9: 0
A10: T=50 | B10: 0.2 | C10: AVG_Theo_var | D10: 0.09757 | E10: 0.86967 | F10: 1.484 | G10: 0
A11: T=50 | B11: 0.2 | C11: Coverage_proba | D11: 0.892 | E11: 0.868 | F11: 0.831 | G11: 0
A12: T=50 | B12: 0.3 | C12: AVG_param | D12: 0.299 | E12: 1.242 | F12: 2.212 | G12: 13.34
A13: T=50 | B13: 0.3 | C13: AVG_bias | D13: -0.00141 | E13: 0.24162 | F13: 0.21216 | G13: 13.34
... A76: T=200 | B76: 0.5 | C76: Coverage_proba | D76: 0.93 | E76: 0.894 | F76: 0.917 | G76: 0

Sheet Bias vs. trend

Sheet Cov vs. trend

Sheet Var vs. trend
